Call_Duty_Black_Ops_2_Playstation_3,http://www.amazon.com/Call-Duty-Black-Ops-Playstation-3/product-reviews/B007XVTR5S/ref=sr_1_4_cm_cr_acr_txt?ie=UTF8&showViewpoints=1
Call_Duty_Black_Ops_2_Xbox_360,http://www.amazon.com/Call-Duty-Black-Ops-Xbox-360/product-reviews/B007XVTR3K/ref=sr_1_1_cm_cr_acr_txt?ie=UTF8&showViewpoints=1
Call_Duty_Black_Ops_Xbox_360,http://www.amazon.com/Call-Duty-Black-Ops-Xbox-360/product-reviews/B003JVKHEQ/ref=sr_cr_hist_all?ie=UTF8&showViewpoints=1
Call_Duty_Black_Ops_Playtstion_3,http://www.amazon.com/Call-Duty-Black-Ops-Playstation-3/product-reviews/B003JVCA9Q/ref=sr_1_8_cm_cr_acr_txt?ie=UTF8&showViewpoints=1
Call_Duty_Modern_Warfare_4_Xbox_360,http://www.amazon.com/Call-Duty-Modern-Warfare-Xbox-360/product-reviews/B0016B28Y8/ref=sr_1_4_cm_cr_acr_txt?ie=UTF8&showViewpoints=1
Call_Duty_Modern_Warfare_4_Playstation_3,http://www.amazon.com/Call-Duty-Warfare-Greatest-Playstation-3/product-reviews/B0016B28WU/ref=sr_1_4_cm_cr_acr_txt?ie=UTF8&showViewpoints=1
Call_Duty_Modern_Warfare_3_Xbox_360,http://www.amazon.com/Call-Duty-Modern-Warfare-Xbox-360/product-reviews/B00503E8S2/ref=sr_1_5_cm_cr_acr_txt?ie=UTF8&showViewpoints=1
Call_Duty_Modern_Warfare_3_Playstation_3,http://www.amazon.com/Call-Duty-Modern-Warfare-3-Playstation/product-reviews/B00503E9FY/ref=sr_1_6_cm_cr_acr_txt?ie=UTF8&showViewpoints=1
Call_Duty_World_At_War_Xbox_360,http://www.amazon.com/Call-Duty-World-War-Xbox-360/product-reviews/B001AWIP68/ref=sr_1_7_cm_cr_acr_txt?ie=UTF8&showViewpoints=1
Call_Duty_World_At_War_Playstation_3,http://www.amazon.com/Call-Duty-World-War-Playstation-3/product-reviews/B001AWBYNE/ref=sr_1_7_cm_cr_acr_txt?ie=UTF8&showViewpoints=1
Call_Duty_Modern_Warfare_2_Xbox_360,http://www.amazon.com/Call-Duty-Modern-Warfare-Xbox-360/product-reviews/B00269QLI8/ref=sr_1_9_cm_cr_acr_txt?ie=UTF8&showViewpoints=1
Call_Duty_Modern_Warfare_2_Playstation_3,http://www.amazon.com/Call-Duty-Modern-Warfare-Playstation-3/product-reviews/B00269QLH4/ref=sr_1_9_cm_cr_acr_txt?ie=UTF8&showViewpoints=1
Call_Duty_2_Xbox_360,http://www.amazon.com/Call-Duty-2-Xbox-360/product-reviews/B0009S4UOA/ref=sr_1_11_cm_cr_acr_txt?ie=UTF8&showViewpoints=1
Battlefield_3_Xbox_360,http://www.amazon.com/Battlefield-3-Xbox-360/product-reviews/B003O6G5TW/ref=sr_1_1_cm_cr_acr_txt?ie=UTF8&showViewpoints=1
Battlefield_3_Playstation_3,http://www.amazon.com/Battlefield-3-Playstation/product-reviews/B002I0J82G/ref=sr_1_1_cm_cr_acr_txt?ie=UTF8&showViewpoints=1
Battlefield_Bad_Company_2_Xbox_360,http://www.amazon.com/Battlefield-Bad-Company-2-Xbox-360/product-reviews/B001QXNBJM/ref=sr_1_8_cm_cr_acr_txt?ie=UTF8&showViewpoints=1
Battlefield_Bad_Company_2_Playstation_3,http://www.amazon.com/Battlefield-Bad-Company-2-Playstation-3/product-reviews/B001QXNBNI/ref=sr_1_8_cm_cr_acr_txt?ie=UTF8&showViewpoints=1
Medal_of_Honor_Warfighter_Xbox_360,http://www.amazon.com/Medal-Honor-Warfighter-Xbox-360/product-reviews/B0050SY5BM/ref=sr_1_1_cm_cr_acr_txt?ie=UTF8&showViewpoints=1
Medal_of_Honor_Warfighter_Playstation_3,http://www.amazon.com/Medal-Honor-Warfighter-PS3-Playstation-3/product-reviews/B0050SWZHS/ref=sr_1_1_cm_cr_acr_txt?ie=UTF8&showViewpoints=1
Medal_of_Honor_Xbox_360,http://www.amazon.com/Medal-Honor-Xbox-360/product-reviews/B000TI836G/ref=sr_1_2_cm_cr_acr_txt?ie=UTF8&showViewpoints=1
Medal_of_Honor_Playstation_3,http://www.amazon.com/Medal-Honor-Playstation-3/product-reviews/B002ZJNWWC/ref=sr_1_2_cm_cr_acr_txt?ie=UTF8&showViewpoints=1
